aa,aa,Kyte-Doolittle,Hopp-Woods,Cornette,Eisenberg,Rose,Janin,Engelman-GES,Hessa
A,Alanine,1.80,-0.50,0.20,0.62,0.74,0.30,1.60,0.11
C,Cysteine,2.50,-1.00,4.10,0.29,0.91,0.90,2.00,-0.13
D,Aspartic acid,-3.50,3.00,-3.10,-0.90,0.62,-0.60,-9.20,3.49
E,Glutamic acid,-3.50,3.00,-1.80,-0.74,0.62,-0.70,-8.20,2.68
F,Phenylalanine,2.80,-2.50,4.40,1.19,0.88,0.50,3.70,-0.32
G,Glycine,-0.40,0.00,0.00,0.48,0.72,0.30,1.00,0.74
H,Histidine,-3.20,-0.50,0.50,-0.40,0.78,-0.10,-3.00,2.06
I,Isoleucine,4.50,-1.80,4.80,1.38,0.88,0.70,3.10,-0.6
K,Lysine,-3.90,3.00,-3.10,-1.50,0.52,-1.80,-8.80,2.71
L,Leucine,3.80,-1.80,5.70,1.06,0.85,0.50,2.80,-0.55
M,Methionine,1.90,-1.30,4.20,0.64,0.85,0.40,3.40,-0.1
N,Asparagine,-3.50,0.20,-0.50,-0.78,0.63,-0.50,-4.80,3.49
P,Proline,-1.60,0.00,-2.20,0.12,0.64,-0.30,-0.20,2.23
Q,Glutamine,-3.50,0.20,-2.80,-0.85,0.62,-0.70,-4.10,2.68
R,Arginine,-4.50,3.00,1.40,-2.53,0.64,-1.40,-12.3,2.58
S,Serine,-0.80,0.30,-0.50,-0.18,0.66,-0.10,0.60,0.84
T,Threonine,-0.70,-0.40,-1.90,-0.05,0.70,-0.20,1.20,0.52
V,Valine,4.20,-1.50,4.70,1.08,0.86,0.60,2.60,-0.31
W,Tryptophan,-0.90,-3.40,1.00,0.81,0.85,0.30,1.90,0.3
Y,Tyrosine,-1.30,-2.30,3.20,0.26,0.76,-0.40,-0.70,0.68
